-- phpMyAdmin SQL Dump
-- version 4.9.0.1
-- https://www.phpmyadmin.net/
--
-- Host: 127.0.0.1
-- Generation Time: Feb 23, 2020 at 08:48 AM
-- Server version: 10.4.6-MariaDB
-- PHP Version: 7.3.9

SET SQL_MODE = "NO_AUTO_VALUE_ON_ZERO";
SET AUTOCOMMIT = 0;
START TRANSACTION;
SET time_zone = "+00:00";


/*!40101 SET @OLD_CHARACTER_SET_CLIENT=@@CHARACTER_SET_CLIENT */;
/*!40101 SET @OLD_CHARACTER_SET_RESULTS=@@CHARACTER_SET_RESULTS */;
/*!40101 SET @OLD_COLLATION_CONNECTION=@@COLLATION_CONNECTION */;
/*!40101 SET NAMES utf8mb4 */;

--
-- Database: `beingthere`
--

-- --------------------------------------------------------

--
-- Table structure for table `deparments`
--

CREATE TABLE `deparments` (
  `deparment_id` int(20) NOT NULL,
  `deparment_name` varchar(40) NOT NULL,
  `manager_id` int(20) NOT NULL
) ENGINE=InnoDB DEFAULT CHARSET=latin1;

--
-- Dumping data for table `deparments`
--

INSERT INTO `deparments` (`deparment_id`, `deparment_name`, `manager_id`) VALUES
(1, 'web Front End', 1),
(33, 'back end', 1);

-- --------------------------------------------------------

--
-- Table structure for table `employees_images_record`
--

CREATE TABLE `employees_images_record` (
  `employee_id` int(20) NOT NULL,
  `date` varchar(30) NOT NULL,
  `images` varchar(30) NOT NULL,
  `work` int(2) NOT NULL,
  `nonwork` int(2) NOT NULL,
  `image_id` int(40) NOT NULL
) ENGINE=InnoDB DEFAULT CHARSET=latin1;

--
-- Dumping data for table `employees_images_record`
--

INSERT INTO `employees_images_record` (`employee_id`, `date`, `images`, `work`, `nonwork`, `image_id`) VALUES
(1, '04-02-2020', '10-59-10.jpg', 1, 1, 1),
(1, '04-02-2020', '10-59-15.jpg', 1, 1, 2),
(1, '04-02-2020', '10-59-20.jpg', 1, 1, 3),
(1, '04-02-2020', '10-59-25.jpg', 1, 1, 4),
(1, '04-02-2020', '10-59-30.jpg', 1, 1, 5),
(1, '04-02-2020', '10-59-35.jpg', 1, 1, 6),
(1, '04-02-2020', '10-59-40.jpg', 1, 1, 7),
(1, '04-02-2020', '10-59-45.jpg', 1, 1, 8),
(1, '04-02-2020', '10-59-50.jpg', 1, 1, 9),
(1, '04-02-2020', '10-59-57.jpg', 1, 1, 10),
(1, '04-02-2020', '11-00-00.jpg', 1, 1, 11),
(1, '2-2-2020', '', 5, 30, 12),
(1, '04-02-2020', '11-26-13.jpg', 1, 1, 13),
(1, '04-02-2020', '11-26-24.jpg', 1, 1, 14),
(1, '04-02-2020', '11-26-28.jpg', 1, 1, 15),
(1, '04-02-2020', '11-27-04.jpg', 1, 1, 16),
(1, '04-02-2020', '11-27-09.jpg', 1, 1, 17),
(1, '04-02-2020', '11-27-14.jpg', 1, 1, 18),
(1, '04-02-2020', '11-27-19.jpg', 1, 1, 19),
(1, '04-02-2020', '11-27-24.jpg', 1, 1, 20),
(1, '04-02-2020', '11-27-29.jpg', 1, 1, 21),
(1, '04-02-2020', '11-27-34.jpg', 1, 1, 22),
(1, '04-02-2020', '11-27-39.jpg', 1, 1, 23),
(1, '04-02-2020', '11-27-44.jpg', 1, 1, 24),
(1, '04-02-2020', '11-27-49.jpg', 1, 1, 25),
(1, '04-02-2020', '11-27-54.jpg', 1, 1, 26),
(1, '04-02-2020', '11-27-59.jpg', 1, 1, 27),
(1, '04-02-2020', '11-28-04.jpg', 1, 1, 28),
(1, '04-02-2020', '11-28-09.jpg', 1, 1, 29),
(1, '04-02-2020', '11-28-14.jpg', 1, 1, 30),
(1, '04-02-2020', '11-28-19.jpg', 1, 1, 31),
(1, '04-02-2020', '11-28-24.jpg', 1, 1, 32),
(1, '04-02-2020', '11-28-29.jpg', 1, 1, 33),
(1, '04-02-2020', '11-28-34.jpg', 1, 1, 34),
(1, '04-02-2020', '11-28-39.jpg', 1, 1, 35),
(1, '04-02-2020', '11-28-44.jpg', 1, 1, 36),
(1, '04-02-2020', '11-28-49.jpg', 1, 1, 37),
(1, '04-02-2020', '11-28-54.jpg', 1, 1, 38),
(1, '04-02-2020', '11-28-59.jpg', 1, 1, 39),
(1, '04-02-2020', '11-29-04.jpg', 1, 1, 40),
(1, '04-02-2020', '11-29-09.jpg', 1, 1, 41),
(1, '04-02-2020', '11-29-14.jpg', 1, 1, 42),
(1, '04-02-2020', '11-29-19.jpg', 1, 1, 43),
(1, '04-02-2020', '11-29-24.jpg', 1, 1, 44),
(1, '04-02-2020', '11-29-29.jpg', 1, 1, 45),
(1, '04-02-2020', '11-29-34.jpg', 1, 1, 46),
(1, '04-02-2020', '11-29-39.jpg', 1, 1, 47),
(1, '04-02-2020', '11-29-44.jpg', 1, 1, 48),
(1, '04-02-2020', '11-29-49.jpg', 1, 1, 49),
(1, '04-02-2020', '11-29-54.jpg', 1, 1, 50),
(1, '04-02-2020', '11-29-59.jpg', 1, 1, 51),
(1, '04-02-2020', '11-30-04.jpg', 1, 1, 52),
(1, '04-02-2020', '11-30-09.jpg', 1, 1, 53),
(1, '04-02-2020', '11-30-14.jpg', 1, 1, 54),
(1, '04-02-2020', '11-30-19.jpg', 1, 1, 55),
(1, '04-02-2020', '11-30-24.jpg', 1, 1, 56),
(1, '04-02-2020', '11-30-29.jpg', 1, 1, 57),
(1, '04-02-2020', '11-30-34.jpg', 1, 1, 58),
(1, '04-02-2020', '11-30-39.jpg', 1, 1, 59),
(1, '04-02-2020', '11-30-44.jpg', 1, 1, 60),
(1, '04-02-2020', '11-30-49.jpg', 1, 1, 61),
(1, '04-02-2020', '11-30-54.jpg', 1, 1, 62),
(1, '04-02-2020', '11-30-59.jpg', 1, 1, 63),
(1, '04-02-2020', '11-31-04.jpg', 1, 1, 64),
(1, '04-02-2020', '11-31-09.jpg', 1, 1, 65),
(1, '04-02-2020', '11-31-14.jpg', 1, 1, 66),
(1, '04-02-2020', '11-31-19.jpg', 1, 1, 67),
(1, '04-02-2020', '11-31-24.jpg', 1, 1, 68),
(1, '04-02-2020', '11-31-29.jpg', 1, 1, 69),
(1, '04-02-2020', '11-31-34.jpg', 1, 1, 70),
(1, '04-02-2020', '11-31-39.jpg', 1, 1, 71),
(1, '04-02-2020', '11-31-44.jpg', 1, 1, 72),
(1, '04-02-2020', '11-31-49.jpg', 1, 1, 73),
(1, '04-02-2020', '11-31-54.jpg', 1, 1, 74),
(1, '04-02-2020', '11-31-59.jpg', 1, 1, 75),
(1, '04-02-2020', '11-32-04.jpg', 1, 1, 76),
(1, '04-02-2020', '11-32-09.jpg', 1, 1, 77),
(1, '04-02-2020', '11-32-14.jpg', 1, 1, 78),
(1, '04-02-2020', '11-32-19.jpg', 1, 1, 79),
(1, '04-02-2020', '11-32-24.jpg', 1, 1, 80),
(1, '04-02-2020', '11-32-29.jpg', 1, 1, 81),
(1, '04-02-2020', '11-32-34.jpg', 1, 1, 82),
(1, '04-02-2020', '11-32-39.jpg', 1, 1, 83),
(1, '04-02-2020', '11-32-44.jpg', 1, 1, 84),
(1, '04-02-2020', '11-32-49.jpg', 1, 1, 85),
(1, '04-02-2020', '11-32-54.jpg', 1, 1, 86),
(1, '04-02-2020', '11-32-59.jpg', 1, 1, 87),
(1, '04-02-2020', '11-33-04.jpg', 1, 1, 88),
(1, '04-02-2020', '11-33-09.jpg', 1, 1, 89),
(1, '04-02-2020', '11-33-14.jpg', 1, 1, 90),
(1, '04-02-2020', '11-33-19.jpg', 1, 1, 91),
(1, '04-02-2020', '11-33-24.jpg', 1, 1, 92),
(1, '04-02-2020', '11-33-29.jpg', 1, 1, 93),
(1, '04-02-2020', '11-33-34.jpg', 1, 1, 94),
(1, '04-02-2020', '11-33-39.jpg', 1, 1, 95),
(1, '04-02-2020', '11-33-44.jpg', 1, 1, 96),
(1, '04-02-2020', '11-33-49.jpg', 1, 1, 97),
(1, '04-02-2020', '11-33-54.jpg', 1, 1, 98),
(1, '04-02-2020', '11-33-59.jpg', 1, 1, 99),
(1, '04-02-2020', '11-34-04.jpg', 1, 1, 100),
(1, '04-02-2020', '11-34-09.jpg', 1, 1, 101),
(1, '04-02-2020', '11-34-14.jpg', 1, 1, 102),
(1, '04-02-2020', '11-34-19.jpg', 1, 1, 103),
(1, '04-02-2020', '11-34-24.jpg', 1, 1, 104),
(1, '04-02-2020', '11-34-29.jpg', 1, 1, 105),
(1, '04-02-2020', '11-34-34.jpg', 1, 1, 106),
(1, '04-02-2020', '11-34-39.jpg', 1, 1, 107),
(1, '04-02-2020', '11-34-44.jpg', 1, 1, 108),
(1, '04-02-2020', '11-34-49.jpg', 1, 1, 109),
(1, '04-02-2020', '11-34-54.jpg', 1, 1, 110),
(1, '04-02-2020', '11-34-59.jpg', 1, 1, 111),
(1, '04-02-2020', '11-35-04.jpg', 1, 1, 112),
(1, '04-02-2020', '11-35-09.jpg', 1, 1, 113),
(1, '04-02-2020', '11-35-14.jpg', 1, 1, 114),
(1, '04-02-2020', '11-35-19.jpg', 1, 1, 115),
(1, '04-02-2020', '11-35-24.jpg', 1, 1, 116),
(1, '04-02-2020', '11-35-29.jpg', 1, 1, 117),
(1, '04-02-2020', '11-35-34.jpg', 1, 1, 118),
(1, '04-02-2020', '11-35-39.jpg', 1, 1, 119),
(1, '04-02-2020', '11-35-44.jpg', 1, 1, 120),
(1, '04-02-2020', '11-35-49.jpg', 1, 1, 121),
(1, '04-02-2020', '11-35-54.jpg', 1, 1, 122),
(1, '04-02-2020', '11-35-59.jpg', 1, 1, 123),
(1, '04-02-2020', '11-36-04.jpg', 1, 1, 124),
(1, '04-02-2020', '11-36-09.jpg', 1, 1, 125),
(1, '04-02-2020', '11-36-14.jpg', 1, 1, 126),
(1, '04-02-2020', '11-36-19.jpg', 1, 1, 127),
(1, '04-02-2020', '11-36-24.jpg', 1, 1, 128),
(1, '04-02-2020', '11-36-29.jpg', 1, 1, 129),
(1, '04-02-2020', '11-36-34.jpg', 1, 1, 130),
(1, '04-02-2020', '11-36-39.jpg', 1, 1, 131),
(1, '04-02-2020', '11-36-44.jpg', 1, 1, 132),
(1, '04-02-2020', '11-36-49.jpg', 1, 1, 133),
(1, '04-02-2020', '11-36-54.jpg', 1, 1, 134),
(1, '04-02-2020', '11-36-59.jpg', 1, 1, 135),
(1, '04-02-2020', '11-37-04.jpg', 1, 1, 136),
(1, '04-02-2020', '11-37-09.jpg', 1, 1, 137),
(1, '04-02-2020', '11-37-14.jpg', 1, 1, 138),
(1, '04-02-2020', '11-37-19.jpg', 1, 1, 139),
(1, '04-02-2020', '11-37-24.jpg', 1, 1, 140),
(1, '04-02-2020', '11-37-29.jpg', 1, 1, 141),
(1, '04-02-2020', '11-37-34.jpg', 1, 1, 142),
(1, '04-02-2020', '11-37-39.jpg', 1, 1, 143),
(1, '04-02-2020', '11-37-44.jpg', 1, 1, 144),
(1, '04-02-2020', '11-37-49.jpg', 1, 1, 145),
(1, '04-02-2020', '11-37-54.jpg', 1, 1, 146),
(1, '04-02-2020', '11-37-59.jpg', 1, 1, 147),
(1, '04-02-2020', '11-38-04.jpg', 1, 1, 148),
(1, '04-02-2020', '11-38-09.jpg', 1, 1, 149),
(1, '04-02-2020', '11-38-14.jpg', 1, 1, 150),
(1, '04-02-2020', '11-38-19.jpg', 1, 1, 151),
(1, '04-02-2020', '11-38-24.jpg', 1, 1, 152),
(1, '04-02-2020', '11-38-29.jpg', 1, 1, 153),
(1, '04-02-2020', '11-38-34.jpg', 1, 1, 154),
(1, '04-02-2020', '11-38-39.jpg', 1, 1, 155),
(1, '04-02-2020', '11-38-44.jpg', 1, 1, 156),
(1, '04-02-2020', '11-38-49.jpg', 1, 1, 157),
(1, '04-02-2020', '11-38-54.jpg', 1, 1, 158),
(1, '04-02-2020', '11-38-59.jpg', 1, 1, 159),
(1, '04-02-2020', '11-39-04.jpg', 1, 1, 160),
(1, '04-02-2020', '11-39-09.jpg', 1, 1, 161),
(1, '04-02-2020', '11-39-14.jpg', 1, 1, 162),
(1, '04-02-2020', '11-39-19.jpg', 1, 1, 163),
(1, '04-02-2020', '11-39-24.jpg', 1, 1, 164),
(1, '04-02-2020', '11-39-29.jpg', 1, 1, 165),
(1, '04-02-2020', '11-39-34.jpg', 1, 1, 166),
(1, '04-02-2020', '11-39-39.jpg', 1, 1, 167),
(1, '04-02-2020', '11-39-44.jpg', 1, 1, 168),
(1, '04-02-2020', '11-39-49.jpg', 1, 1, 169),
(1, '04-02-2020', '11-39-54.jpg', 1, 1, 170),
(1, '04-02-2020', '11-39-59.jpg', 1, 1, 171),
(1, '04-02-2020', '11-40-04.jpg', 1, 1, 172),
(1, '04-02-2020', '11-40-09.jpg', 1, 1, 173),
(1, '04-02-2020', '11-40-14.jpg', 1, 1, 174),
(1, '04-02-2020', '11-40-19.jpg', 1, 1, 175),
(1, '04-02-2020', '11-40-24.jpg', 1, 1, 176),
(1, '04-02-2020', '11-40-29.jpg', 1, 1, 177),
(1, '04-02-2020', '11-40-34.jpg', 1, 1, 178),
(1, '04-02-2020', '11-40-39.jpg', 1, 1, 179),
(1, '04-02-2020', '11-40-44.jpg', 1, 1, 180),
(1, '04-02-2020', '11-40-49.jpg', 1, 1, 181),
(1, '04-02-2020', '11-40-54.jpg', 1, 1, 182),
(1, '04-02-2020', '11-40-59.jpg', 1, 1, 183),
(1, '04-02-2020', '11-41-04.jpg', 1, 1, 184),
(1, '04-02-2020', '11-41-09.jpg', 1, 1, 185),
(1, '04-02-2020', '11-41-14.jpg', 1, 1, 186),
(1, '04-02-2020', '11-41-19.jpg', 1, 1, 187),
(1, '04-02-2020', '11-41-24.jpg', 1, 1, 188),
(1, '04-02-2020', '11-41-29.jpg', 1, 1, 189),
(1, '04-02-2020', '11-41-34.jpg', 1, 1, 190),
(1, '04-02-2020', '11-41-39.jpg', 1, 1, 191),
(1, '04-02-2020', '11-41-44.jpg', 1, 1, 192),
(1, '04-02-2020', '11-41-49.jpg', 1, 1, 193),
(1, '04-02-2020', '11-41-54.jpg', 1, 1, 194),
(1, '04-02-2020', '11-41-59.jpg', 1, 1, 195),
(1, '04-02-2020', '11-42-04.jpg', 1, 1, 196),
(1, '04-02-2020', '11-42-09.jpg', 1, 1, 197),
(1, '04-02-2020', '11-42-14.jpg', 1, 1, 198),
(1, '04-02-2020', '11-42-19.jpg', 1, 1, 199),
(1, '04-02-2020', '11-42-24.jpg', 1, 1, 200),
(1, '04-02-2020', '11-42-29.jpg', 1, 1, 201),
(1, '04-02-2020', '11-42-34.jpg', 1, 1, 202),
(1, '04-02-2020', '11-42-39.jpg', 1, 1, 203),
(1, '04-02-2020', '11-42-44.jpg', 1, 1, 204),
(1, '04-02-2020', '11-42-49.jpg', 1, 1, 205),
(1, '04-02-2020', '11-42-54.jpg', 1, 1, 206),
(1, '04-02-2020', '11-42-59.jpg', 1, 1, 207),
(1, '04-02-2020', '11-43-04.jpg', 1, 1, 208),
(1, '04-02-2020', '11-43-09.jpg', 1, 1, 209),
(1, '04-02-2020', '11-43-14.jpg', 1, 1, 210),
(1, '04-02-2020', '11-43-19.jpg', 1, 1, 211),
(1, '04-02-2020', '11-43-24.jpg', 1, 1, 212),
(1, '04-02-2020', '11-43-29.jpg', 1, 1, 213),
(1, '04-02-2020', '11-43-34.jpg', 1, 1, 214),
(1, '04-02-2020', '11-43-39.jpg', 1, 1, 215),
(1, '04-02-2020', '11-43-44.jpg', 1, 1, 216),
(1, '04-02-2020', '11-43-49.jpg', 1, 1, 217),
(1, '04-02-2020', '11-43-54.jpg', 1, 1, 218),
(1, '04-02-2020', '11-43-59.jpg', 1, 1, 219),
(1, '04-02-2020', '11-44-04.jpg', 1, 1, 220),
(1, '04-02-2020', '11-44-09.jpg', 1, 1, 221),
(1, '04-02-2020', '11-44-14.jpg', 1, 1, 222),
(1, '04-02-2020', '11-44-19.jpg', 1, 1, 223),
(1, '04-02-2020', '11-44-24.jpg', 1, 1, 224),
(1, '04-02-2020', '11-44-29.jpg', 1, 1, 225),
(1, '04-02-2020', '11-44-34.jpg', 1, 1, 226),
(1, '04-02-2020', '11-44-39.jpg', 1, 1, 227),
(1, '04-02-2020', '11-44-44.jpg', 1, 1, 228),
(1, '04-02-2020', '11-44-49.jpg', 1, 1, 229),
(1, '04-02-2020', '11-44-54.jpg', 1, 1, 230),
(1, '04-02-2020', '11-44-59.jpg', 1, 1, 231),
(1, '04-02-2020', '11-45-04.jpg', 1, 1, 232),
(1, '04-02-2020', '11-45-09.jpg', 1, 1, 233),
(1, '04-02-2020', '11-45-14.jpg', 1, 1, 234),
(1, '04-02-2020', '11-45-19.jpg', 1, 1, 235),
(1, '04-02-2020', '11-45-24.jpg', 1, 1, 236),
(1, '04-02-2020', '11-45-29.jpg', 1, 1, 237),
(1, '04-02-2020', '11-45-34.jpg', 1, 1, 238),
(1, '04-02-2020', '11-45-39.jpg', 1, 1, 239),
(1, '04-02-2020', '11-45-44.jpg', 1, 1, 240),
(1, '04-02-2020', '11-45-49.jpg', 1, 1, 241),
(1, '04-02-2020', '11-45-54.jpg', 1, 1, 242),
(1, '04-02-2020', '11-45-59.jpg', 1, 1, 243),
(1, '04-02-2020', '11-46-04.jpg', 1, 1, 244),
(1, '04-02-2020', '11-46-09.jpg', 1, 1, 245),
(1, '04-02-2020', '11-46-14.jpg', 1, 1, 246),
(1, '04-02-2020', '11-46-19.jpg', 1, 1, 247),
(1, '04-02-2020', '11-46-24.jpg', 1, 1, 248),
(1, '04-02-2020', '11-46-29.jpg', 1, 1, 249),
(1, '04-02-2020', '11-46-34.jpg', 1, 1, 250),
(1, '04-02-2020', '11-46-39.jpg', 1, 1, 251),
(1, '04-02-2020', '11-46-44.jpg', 1, 1, 252),
(1, '04-02-2020', '11-46-49.jpg', 1, 1, 253),
(1, '04-02-2020', '11-46-54.jpg', 1, 1, 254),
(1, '04-02-2020', '11-46-59.jpg', 1, 1, 255),
(1, '04-02-2020', '11-47-04.jpg', 1, 1, 256),
(1, '04-02-2020', '11-47-09.jpg', 1, 1, 257),
(1, '04-02-2020', '11-47-14.jpg', 1, 1, 258),
(1, '04-02-2020', '11-47-19.jpg', 1, 1, 259),
(1, '04-02-2020', '11-47-24.jpg', 1, 1, 260),
(1, '04-02-2020', '11-47-29.jpg', 1, 1, 261),
(1, '04-02-2020', '11-47-34.jpg', 1, 1, 262),
(1, '04-02-2020', '11-47-39.jpg', 1, 1, 263),
(1, '04-02-2020', '11-47-44.jpg', 1, 1, 264),
(1, '04-02-2020', '11-47-49.jpg', 1, 1, 265),
(1, '04-02-2020', '11-47-54.jpg', 1, 1, 266),
(1, '04-02-2020', '11-47-59.jpg', 1, 1, 267),
(1, '17-02-2020', '21-34-50.jpg', 1, 1, 268),
(1, '17-02-2020', '21-34-55.jpg', 1, 1, 269),
(1, '17-02-2020', '21-35-10.jpg', 1, 1, 270),
(1, '17-02-2020', '21-36-10.jpg', 1, 1, 271),
(1, '17-02-2020', '21-38-22.jpg', 1, 1, 272),
(1, '17-02-2020', '21-39-39.jpg', 1, 1, 273),
(1, '17-02-2020', '21-40-30.jpg', 1, 1, 274),
(1, '17-02-2020', '21-41-20.jpg', 1, 1, 275),
(1, '17-02-2020', '21-42-10.jpg', 1, 1, 276),
(1, '17-02-2020', '21-43-00.jpg', 1, 1, 277),
(1, '17-02-2020', '21-43-50.jpg', 1, 1, 278),
(1, '17-02-2020', '21-44-40.jpg', 1, 1, 279),
(1, '17-02-2020', '21-45-30.jpg', 1, 1, 280),
(1, '17-02-2020', '21-46-20.jpg', 1, 1, 281),
(1, '17-02-2020', '21-47-10.jpg', 1, 1, 282),
(1, '17-02-2020', '21-48-00.jpg', 1, 1, 283),
(1, '17-02-2020', '21-48-50.jpg', 1, 1, 284),
(1, '17-02-2020', '21-49-40.jpg', 1, 1, 285),
(1, '17-02-2020', '21-50-30.jpg', 1, 1, 286),
(1, '17-02-2020', '22-13-04.jpg', 1, 1, 287),
(1, '21-02-2020', '18-13-51.jpg', 1, 1, 288),
(1, '21-02-2020', '18-14-39.jpg', 1, 1, 289),
(1, '21-02-2020', '18-15-29.jpg', 1, 1, 290),
(1, '21-02-2020', '18-16-22.jpg', 1, 1, 291),
(1, '21-02-2020', '18-17-09.jpg', 1, 1, 292),
(1, '21-02-2020', '18-17-59.jpg', 1, 1, 293),
(1, '21-02-2020', '18-18-49.jpg', 1, 1, 294),
(1, '21-02-2020', '18-19-39.jpg', 1, 1, 295),
(1, '21-02-2020', '18-20-29.jpg', 1, 1, 296),
(1, '21-02-2020', '18-21-19.jpg', 1, 1, 297),
(1, '21-02-2020', '18-22-09.jpg', 1, 1, 298),
(1, '21-02-2020', '18-22-59.jpg', 1, 1, 299),
(1, '21-02-2020', '18-23-49.jpg', 1, 1, 300),
(1, '21-02-2020', '18-24-39.jpg', 1, 1, 301),
(1, '21-02-2020', '18-25-29.jpg', 1, 1, 302),
(1, '21-02-2020', '18-26-19.jpg', 1, 1, 303),
(1, '21-02-2020', '18-27-09.jpg', 1, 1, 304),
(1, '21-02-2020', '18-27-59.jpg', 1, 1, 305),
(1, '21-02-2020', '18-28-49.jpg', 1, 1, 306),
(1, '21-02-2020', '18-29-39.jpg', 1, 1, 307),
(1, '21-02-2020', '18-30-29.jpg', 1, 1, 308),
(1, '21-02-2020', '18-31-19.jpg', 1, 1, 309),
(1, '21-02-2020', '18-32-09.jpg', 1, 1, 310),
(1, '21-02-2020', '18-32-59.jpg', 1, 1, 311),
(1, '21-02-2020', '18-33-49.jpg', 1, 1, 312),
(1, '22-02-2020', '11-00-30.jpg', 1, 1, 313),
(1, '22-02-2020', '11-01-23.jpg', 1, 1, 314),
(1, '22-02-2020', '11-02-13.jpg', 1, 1, 315),
(1, '22-02-2020', '11-03-03.jpg', 1, 1, 316),
(1, '22-02-2020', '11-04-41.jpg', 1, 1, 317),
(1, '22-02-2020', '11-06-15.jpg', 1, 1, 318),
(1, '22-02-2020', '11-07-13.jpg', 1, 1, 319),
(1, '22-02-2020', '11-08-50.jpg', 1, 1, 320),
(1, '22-02-2020', '11-10-04.jpg', 1, 1, 321),
(1, '22-02-2020', '11-11-00.jpg', 1, 1, 322),
(1, '22-02-2020', '11-12-52.jpg', 1, 1, 323),
(1, '22-02-2020', '11-13-42.jpg', 1, 1, 324),
(1, '22-02-2020', '11-14-32.jpg', 1, 1, 325),
(1, '22-02-2020', '11-15-22.jpg', 1, 1, 326),
(1, '22-02-2020', '11-17-13.jpg', 1, 1, 327),
(4, '22-02-2020', '15-11-17.jpg', 1, 1, 328),
(14, '22-02-2020', '15-26-31.jpg', 1, 1, 329);

-- --------------------------------------------------------

--
-- Table structure for table `employee_record`
--

CREATE TABLE `employee_record` (
  `employee_id` int(20) NOT NULL,
  `first_name` varchar(20) NOT NULL,
  `last_name` varchar(14) NOT NULL,
  `contact_no` text NOT NULL,
  `email` varchar(70) NOT NULL,
  `passwrod` varchar(50) NOT NULL,
  `deparment_id` int(20) NOT NULL,
  `manager_id` int(20) NOT NULL,
  `status` int(1) NOT NULL
) ENGINE=InnoDB DEFAULT CHARSET=latin1;

--
-- Dumping data for table `employee_record`
--

INSERT INTO `employee_record` (`employee_id`, `first_name`, `last_name`, `contact_no`, `email`, `passwrod`, `deparment_id`, `manager_id`, `status`) VALUES
(1, 'Arslan Q', 'Ahsan Q', '+923008134089', 'arslan.ahsan12@gmail.com', '12', 33, 1, 1),
(4, 'muqdar', 'nawaz', '03008134089', 'muqdar@gmail.com', '12', 1, 1, 1),
(11, 'ALi', 'AHSAN', '', 'facebook', '12', 1, 1, 1),
(12, '', 'ALi', '', 'facebook', '12', 1, 1, 1),
(13, 'arlsanS23', 'AHSAN', '', 'arslan.aShsan12@gmail.com', '234535325', 1, 1, 1),
(14, 'maaroof', 'iqbal', '03008134089', 'maaroof@gmail.com', '67', 1, 1, 1);

-- --------------------------------------------------------

--
-- Table structure for table `manager_record`
--

CREATE TABLE `manager_record` (
  `manager_id` int(20) NOT NULL,
  `manager_name` varchar(60) NOT NULL,
  `manager_password` varchar(25) NOT NULL
) ENGINE=InnoDB DEFAULT CHARSET=latin1;

--
-- Dumping data for table `manager_record`
--

INSERT INTO `manager_record` (`manager_id`, `manager_name`, `manager_password`) VALUES
(1, 'Arslan', '123');

--
-- Indexes for dumped tables
--

--
-- Indexes for table `deparments`
--
ALTER TABLE `deparments`
  ADD PRIMARY KEY (`deparment_id`),
  ADD KEY `manager_id` (`manager_id`);

--
-- Indexes for table `employees_images_record`
--
ALTER TABLE `employees_images_record`
  ADD PRIMARY KEY (`image_id`),
  ADD KEY `employee_id` (`employee_id`);

--
-- Indexes for table `employee_record`
--
ALTER TABLE `employee_record`
  ADD PRIMARY KEY (`employee_id`),
  ADD KEY `manager_id` (`manager_id`),
  ADD KEY `deparment_id` (`deparment_id`);

--
-- Indexes for table `manager_record`
--
ALTER TABLE `manager_record`
  ADD PRIMARY KEY (`manager_id`);

--
-- AUTO_INCREMENT for dumped tables
--

--
-- AUTO_INCREMENT for table `deparments`
--
ALTER TABLE `deparments`
  MODIFY `deparment_id` int(20) NOT NULL AUTO_INCREMENT, AUTO_INCREMENT=34;

--
-- AUTO_INCREMENT for table `employees_images_record`
--
ALTER TABLE `employees_images_record`
  MODIFY `image_id` int(40) NOT NULL AUTO_INCREMENT, AUTO_INCREMENT=330;

--
-- AUTO_INCREMENT for table `employee_record`
--
ALTER TABLE `employee_record`
  MODIFY `employee_id` int(20) NOT NULL AUTO_INCREMENT, AUTO_INCREMENT=15;

--
-- AUTO_INCREMENT for table `manager_record`
--
ALTER TABLE `manager_record`
  MODIFY `manager_id` int(20) NOT NULL AUTO_INCREMENT, AUTO_INCREMENT=2;

--
-- Constraints for dumped tables
--

--
-- Constraints for table `deparments`
--
ALTER TABLE `deparments`
  ADD CONSTRAINT `deparments_ibfk_1` FOREIGN KEY (`manager_id`) REFERENCES `manager_record` (`manager_id`);

--
-- Constraints for table `employees_images_record`
--
ALTER TABLE `employees_images_record`
  ADD CONSTRAINT `employees_images_record_ibfk_1` FOREIGN KEY (`employee_id`) REFERENCES `employee_record` (`employee_id`);

--
-- Constraints for table `employee_record`
--
ALTER TABLE `employee_record`
  ADD CONSTRAINT `employee_record_ibfk_1` FOREIGN KEY (`manager_id`) REFERENCES `manager_record` (`manager_id`),
  ADD CONSTRAINT `employee_record_ibfk_2` FOREIGN KEY (`deparment_id`) REFERENCES `deparments` (`deparment_id`) ON DELETE CASCADE ON UPDATE CASCADE;
COMMIT;

/*!40101 SET CHARACTER_SET_CLIENT=@OLD_CHARACTER_SET_CLIENT */;
/*!40101 SET CHARACTER_SET_RESULTS=@OLD_CHARACTER_SET_RESULTS */;
/*!40101 SET COLLATION_CONNECTION=@OLD_COLLATION_CONNECTION */;
